"Reference","Value","Footprint","Datasheet","Qty","DNP","Exclude from BOM","Exclude from Board"
"BT1","Coin Cell","1A:Coin Cell","~","1","","",""
"BT2","Batteries","TerminalBlock_Phoenix:TerminalBlock_Phoenix_MPT-0,5-2-2.54_1x02_P2.54mm_Horizontal","~","1","","",""
"C1,C9,C12","10u","Capacitor_SMD:C_0805_2012Metric_Pad1.18x1.45mm_HandSolder","~","3","","",""
"C2,C5,C6,C10,C11","100n","Capacitor_SMD:C_0805_2012Metric_Pad1.18x1.45mm_HandSolder","~","5","","",""
"C3,C4,C7,C8","1u","Capacitor_SMD:C_0805_2012Metric_Pad1.18x1.45mm_HandSolder","~","4","","",""
"D1","Power","LED_SMD:LED_0805_2012Metric_Pad1.15x1.40mm_HandSolder","~","1","","",""
"D2","SD card","LED_SMD:LED_0805_2012Metric_Pad1.15x1.40mm_HandSolder","~","1","","",""
"J1","SD Card Holder","1A:SD card receptable","https://www.hirose.com/en/product/document?clcode=&productname=&series=DM3&documenttype=Catalog&lang=en&documentid=D49662_en","1","","",""
"J2","USB-C","1A:CONN16_C16PIN_SHN","TYPE-C16PIN","1","","",""
"R1,R2","5k1","Resistor_SMD:R_0805_2012Metric_Pad1.20x1.40mm_HandSolder","~","2","","",""
"R3,R4","4k7","Resistor_SMD:R_0805_2012Metric_Pad1.20x1.40mm_HandSolder","~","2","","",""
"R5","4,7","Resistor_SMD:R_0805_2012Metric_Pad1.20x1.40mm_HandSolder","~","1","","",""
"R6,R7,R12","10k","Resistor_SMD:R_0805_2012Metric_Pad1.20x1.40mm_HandSolder","~","3","","",""
"R8,R9","22","Resistor_SMD:R_0805_2012Metric_Pad1.20x1.40mm_HandSolder","~","2","","",""
"R10,R11","2k2","Resistor_SMD:R_0805_2012Metric_Pad1.20x1.40mm_HandSolder","~","2","","",""
"SGP41","~","1A:SGP41","","1","","",""
"SW1","Switch","1A:ON-OFF-ON Switch","~","1","","",""
"SW2","Enable","Button_Switch_THT:SW_PUSH_6mm_H5mm","~","1","","",""
"SW3","Reset","Button_Switch_THT:SW_PUSH_6mm_H5mm","~","1","","",""
"U1","ESP32-C3-WROOM-02","RF_Module:ESP32-C3-WROOM-02","https://www.espressif.com/sites/default/files/documentation/esp32-c3-wroom-02_datasheet_en.pdf","1","","",""
"U2","DS3231M","Package_SO:SOIC-16W_7.5x10.3mm_P1.27mm","http://datasheets.maximintegrated.com/en/ds/DS3231.pdf","1","","",""
"U3","SHTC3","Sensor_Humidity:Sensirion_DFN-4-1EP_2x2mm_P1mm_EP0.7x1.6mm","https://www.sensirion.com/fileadmin/user_upload/customers/sensirion/Dokumente/0_Datasheets/Humidity/Sensirion_Humidity_Sensors_SHTC3_Datasheet.pdf","1","","",""
"U4","USBLC6-2SC6","Package_TO_SOT_SMD:SOT-23-6","https://www.st.com/resource/en/datasheet/usblc6-2.pdf","1","","",""
"U5","TLV75533PDBV","Package_TO_SOT_SMD:SOT-23-5","http://www.ti.com/lit/ds/symlink/tlv755p.pdf","1","","",""
